index,customer id,first name,last name,company,city,country,phone 1,phone 2,date
2,1Ef7b82A4CAAD10,PRESTON,LOZANO,Vega-Gentry,East Jimmychester,Djibouti,5153435776,686-620-1820x944,2024-10-12
4,5Cef8BFA16c5e3c,LINDA,OLSEN,"Dominguez, Mcmillan and Donovan",Bensonview,Dominican Republic,001-808-617-6467x12895,-9892,2024-09-19
11,216E205d6eBb815,CARL,SCHROEDER,"Oconnell, Meza and Everett",Shannonville,Guernsey,637-854-0256x825,114.336.0784x788,2024-09-17
16,8cad0b4CBceaeec,MIRANDA,BEASLEY,Singleton and Sons,Desireeshire,Oman,540.085.3135x185,+1-600-462-6432x21881,2024-09-03
18,F8Aa9d6DfcBeeF8,GREG,MATA,Valentine LLC,Lake Leslie,Mozambique,(701)087-2415,(195)156-1861x26241,2024-09-19
24,010468dAA11382c,JANET,VALENZUELA,Watts-Donaldson,Veronicamouth,Lao People's Democratic Republic,354.259.5062x7538,500.433.2022,2024-09-12
27,aBdfcF2c50b0bfD,DAKOTA,POOLE,Simmons Group,Michealshire,Belarus,(371)987-8576x4720,071-152-1376,2024-09-06
29,3B5dAAFA41AFa22,STEFANIE,FITZPATRICK,Santana-Duran,Acevedoville,Saint Vincent and the Grenadines,(752)776-3286,+1-472-021-4814x85074,2024-09-18
30,EDA69ca7a6e96a2,KENT,BRADSHAW,Sawyer PLC,North Harold,Tanzania,+1-472-143-5037x884,126.922.6153,2024-09-09
34,A09AEc6E3bF70eE,KAITLYN,SANTANA,Herrera Group,New Kaitlyn,United States of America,6303643286,447-710-6202x07313,2024-09-19
35,aA9BAFfBc3710fe,FAITH,MOON,"Waters, Chase and Aguilar",West Marthaburgh,Bahamas,+1-586-217-0359x6317,-2419,2024-09-13
37,889eCf90f68c5Da,NICHOLAS,SOSA,Jordan Ltd,South Hunter,Uruguay,(661)425-6042,975-998-1519,2024-09-14
40,17aD8e2dB3df03D,SHERRY,GARZA,Anderson Ltd,West John,Poland,001-067-713-6440x158,(978)289-8785x5766,2024-09-11
41,2f79Cd309624Abb,NATALIE,GENTRY,Monroe PLC,West Darius,Dominican Republic,830.996.8238,499.122.5415,2024-09-03
42,6e5ad5a5e2bB5Ca,BRYAN,DUNN,Kaufman and Sons,North Jimstad,Burkina Faso,001-710-802-5565,078.699.8982x13881,2024-09-02
43,7E441b6B228DBcA,WAYNE,SIMPSON,Perkins-Trevino,East Rebekahborough,Bolivia,(344)156-8632x1869,463-445-3702x38463,2024-09-09
45,30Dfa48fe5Ede78,RHONDA,FROST,"Herrera, Shepherd and Underwood",Lake Lindaburgh,Monaco,(127)081-9339,+1-431-028-3337x3492,2024-09-01
48,283DFCD0Dba40aF,GLORIA,MCCALL,"Brennan, Acosta and Ramos",North Kerriton,Ghana,445-603-6729,001-395-959-4736x4524,2024-09-17
49,F4Fc91fEAEad286,BRADY,COHEN,Osborne-Erickson,North Eileenville,United Arab Emirates,741.849.0139x524,+1-028-691-7497x0894,2024-09-08
51,Aa20BDe68eAb0e9,GERALD,HAWKINS,"Phelps, Forbes and Koch",New Alberttown,Canada,+1-323-239-1456x96168,(092)508-0269,2024-09-12
52,e898eEB1B9FE22b,SAMUEL,CRAWFORD,"May, Goodwin and Martin",South Jasmine,Algeria,802-242-7457,626.116.9535x8578,2024-09-08
55,f3BEf3Be028166f,ROBIN,WEST,"Nixon, Blackwell and Sosa",Wallstown,Ecuador,698.303.4267,001-683-837-7651x525,2024-09-18
62,9Cf5E6AFE0aeBfd,SHELLEY,HARRIS,"Prince, Malone and Pugh",Port Jasminborough,Togo,423.098.0315x8373,+1-386-458-8944x15194,2024-09-09
65,636cBF0835E10ff,EILEEN,LYNCH,"Knight, Abbott and Hubbard",Helenborough,Liberia,+1-158-951-4131x53578,001-673-779-6713x680,2024-09-19
66,fF1b6c9E8Fbf1ff,FERNANDO,LAMBERT,Church-Banks,Lake Nancy,Lithuania,497.829.9038,3863743398,2024-09-14
68,a014Ec1b9FccC1E,TOM,ALVARADO,Donaldson-Dougherty,South Sophiaberg,Kiribati,(585)606-2980x2258,730-797-3594x5614,2024-09-07
69,421a109cABDf5fa,VIRGINIA,DUDLEY,Warren Ltd,Hartbury,French Southern Territories,027.846.3705x14184,+1-439-171-1846x4636,2024-09-03
81,D6CEAfb3BDbaa1A,LESLIE,JENNINGS,Blankenship-Arias,Coreybury,Micronesia,629.198.6346,075.256.0829,2024-09-16
82,Ebdb6F6F7c90b69,KATHLEEN,MCKAY,"Coffey, Lamb and Johnson",Lake Janiceton,Saint Vincent and the Grenadines,(733)910-9968,(691)247-4128x0665,2024-09-13
83,E8E7e8Cfe516ef0,HUNTER,MORENO,Fitzpatrick-Lawrence,East Clinton,Isle of Man,(733)833-6754,001-761-013-7121,2024-09-06
85,03A1E62ADdeb31c,COREY,HOLT,"Mcdonald, Bird and Ramirez",New Glenda,Fiji,001-439-242-4986x7918,3162708934,2024-09-19
89,efeb73245CDf1fF,VERNON,KANE,Carter-Strickland,Thomasfurt,Yemen,114-854-1159x555,499-608-4612,2024-09-16
90,37Ec4B395641c1E,LORI,FLOWERS,Decker-Mcknight,North Joeburgh,Namibia,679.415.1210,945-842-3659x4581,2024-09-10
92,98b3aeDcC3B9FF3,SHANE,FOLEY,Rocha-Hart,South Dannymouth,Hungary,-1692,001-626-114-5844x55073,2024-09-08
94,54B5B5Fe9F1B6C5,SHERRY,YOUNG,"Lee, Lucero and Johnson",Frankchester,Solomon Islands,158-687-1764,(438)375-6207x003,2024-09-12
97,CeD220bdAaCfaDf,LYNN,ATKINSON,"Ware, Burns and Oneal",New Bradview,Sri Lanka,-3769,605.413.3198,2024-09-16
98,28CDbC0dFe4b1Db,FRED,GUERRA,Schmitt-Jones,Ortegaland,Solomon Islands,+1-753-067-8419x7170,+1-632-666-7507x92121,2024-09-15
99,c23d1D9EE8DEB0A,YVONNE,FARMER,Fitzgerald-Harrell,Lake Elijahview,Aruba,(530)311-9786,001-869-452-0943x12424,2024-09-02
